frame,box_num,x1,y1,x2,y2,confidence
174,1,599.4290161132812,334.1365966796875,608.4310913085938,349.392333984375,0.2757750153541565
193,1,640.6248168945312,338.12481689453125,648.8716430664062,353.80548095703125,0.5401257276535034
194,1,641.4063110351562,343.81414794921875,650.1221313476562,359.54595947265625,0.5552765727043152
195,1,642.4766845703125,348.18927001953125,651.3870849609375,364.83062744140625,0.8269692063331604
196,1,643.5897216796875,353.3827209472656,652.8160400390625,370.2526550292969,0.574128270149231
197,1,643.8116455078125,358.4688720703125,652.8638916015625,375.1749267578125,0.7017943859100342
198,1,645.8253173828125,365.1084289550781,654.4239501953125,381.2250061035156,0.8255575895309448
199,1,646.8195190429688,369.34210205078125,655.4804077148438,386.1898193359375,0.52387934923172
200,1,647.0076293945312,375.4150695800781,655.7644653320312,392.2057189941406,0.3772425949573517
